Accent,3,,1,127,201,127,Qualitative
Accent,3,,2,190,174,212,Qualitative
Accent,3,,3,253,192,134,Qualitative
Accent,4,,1,127,201,127,Qualitative
Accent,4,,2,190,174,212,Qualitative
Accent,4,,3,253,192,134,Qualitative
Accent,4,,4,255,255,153,Qualitative
Accent,5,,1,127,201,127,Qualitative
Accent,5,,2,190,174,212,Qualitative
Accent,5,,3,253,192,134,Qualitative
Accent,5,,4,255,255,153,Qualitative
Accent,5,,5,56,108,176,Qualitative
Accent,6,,1,127,201,127,Qualitative
Accent,6,,2,190,174,212,Qualitative
Accent,6,,3,253,192,134,Qualitative
Accent,6,,4,255,255,153,Qualitative
Accent,6,,5,56,108,176,Qualitative
Accent,6,,6,240,2,127,Qualitative
Accent,7,,1,127,201,127,Qualitative
Accent,7,,2,190,174,212,Qualitative
Accent,7,,3,253,192,134,Qualitative
Accent,7,,4,255,255,153,Qualitative
Accent,7,,5,56,108,176,Qualitative
Accent,7,,6,240,2,127,Qualitative
Accent,7,,7,191,91,23,Qualitative
Accent,8,,1,127,201,127,Qualitative
Accent,8,,2,190,174,212,Qualitative
Accent,8,,3,253,192,134,Qualitative
Accent,8,,4,255,255,153,Qualitative
Accent,8,,5,56,108,176,Qualitative
Accent,8,,6,240,2,127,Qualitative
Accent,8,,7,191,91,23,Qualitative
Accent,8,,8,102,102,102,Qualitative
Blues,3,,1,222,235,247,Sequential
Blues,3,,2,158,202,225,Sequential
Blues,3,,3,49,130,189,Sequential
Blues,4,,1,239,243,255,Sequential
Blues,4,,2,189,215,231,Sequential
Blues,4,,3,107,174,214,Sequential
Blues,4,,4,33,113,181,Sequential
Blues,5,,1,239,243,255,Sequential
Blues,5,,2,189,215,231,Sequential
Blues,5,,3,107,174,214,Sequential
Blues,5,,4,49,130,189,Sequential
Blues,5,,5,8,81,156,Sequential
Blues,6,,1,239,243,255,Sequential
Blues,6,,2,198,219,239,Sequential
Blues,6,,3,158,202,225,Sequential
Blues,6,,4,107,174,214,Sequential
Blues,6,,5,49,130,189,Sequential
Blues,6,,6,8,81,156,Sequential
Blues,7,,1,239,243,255,Sequential
Blues,7,,2,198,219,239,Sequential
Blues,7,,3,158,202,225,Sequential
Blues,7,,4,107,174,214,Sequential
Blues,7,,5,66,146,198,Sequential
Blues,7,,6,33,113,181,Sequential
Blues,7,,7,8,69,148,Sequential
Blues,8,,1,247,251,255,Sequential
Blues,8,,2,222,235,247,Sequential
Blues,8,,3,198,219,239,Sequential
Blues,8,,4,158,202,225,Sequential
Blues,8,,5,107,174,214,Sequential
Blues,8,,6,66,146,198,Sequential
Blues,8,,7,33,113,181,Sequential
Blues,8,,8,8,69,148,Sequential
Blues,9,,1,247,251,255,Sequential
Blues,9,,2,222,235,247,Sequential
Blues,9,,3,198,219,239,Sequential
Blues,9,,4,158,202,225,Sequential
Blues,9,,5,107,174,214,Sequential
Blues,9,,6,66,146,198,Sequential
Blues,9,,7,33,113,181,Sequential
Blues,9,,8,8,81,156,Sequential
Blues,9,,9,8,48,107,Sequential
BrBG,3,2,1,216,179,101,Diverging
BrBG,3,2,2,245,245,245,Diverging
BrBG,3,2,3,90,180,172,Diverging
BrBG,4,2.5,1,166,97,26,Diverging
BrBG,4,2.5,2,223,194,125,Diverging
BrBG,4,2.5,3,128,205,193,Diverging
BrBG,4,2.5,4,1,133,113,Diverging
BrBG,5,3,1,166,97,26,Diverging
BrBG,5,3,2,223,194,125,Diverging
BrBG,5,3,3,245,245,245,Diverging
BrBG,5,3,4,128,205,193,Diverging
BrBG,5,3,5,1,133,113,Diverging
BrBG,6,3.5,1,140,81,10,Diverging
BrBG,6,3.5,2,216,179,101,Diverging
BrBG,6,3.5,3,246,232,195,Diverging
BrBG,6,3.5,4,199,234,229,Diverging
BrBG,6,3.5,5,90,180,172,Diverging
BrBG,6,3.5,6,1,102,94,Diverging
BrBG,7,4,1,140,81,10,Diverging
BrBG,7,4,2,216,179,101,Diverging
BrBG,7,4,3,246,232,195,Diverging
BrBG,7,4,4,245,245,245,Diverging
BrBG,7,4,5,199,234,229,Diverging
BrBG,7,4,6,90,180,172,Diverging
BrBG,7,4,7,1,102,94,Diverging
BrBG,8,4.5,1,140,81,10,Diverging
BrBG,8,4.5,2,191,129,45,Diverging
BrBG,8,4.5,3,223,194,125,Diverging
BrBG,8,4.5,4,246,232,195,Diverging
BrBG,8,4.5,5,199,234,229,Diverging
BrBG,8,4.5,6,128,205,193,Diverging
BrBG,8,4.5,7,53,151,143,Diverging
BrBG,8,4.5,8,1,102,94,Diverging
BrBG,9,5,1,140,81,10,Diverging
BrBG,9,5,2,191,129,45,Diverging
BrBG,9,5,3,223,194,125,Diverging
BrBG,9,5,4,246,232,195,Diverging
BrBG,9,5,5,245,245,245,Diverging
BrBG,9,5,6,199,234,229,Diverging
BrBG,9,5,7,128,205,193,Diverging
BrBG,9,5,8,53,151,143,Diverging
BrBG,9,5,9,1,102,94,Diverging
BrBG,10,5.5,1,84,48,5,Diverging
BrBG,10,5.5,2,140,81,10,Diverging
BrBG,10,5.5,3,191,129,45,Diverging
BrBG,10,5.5,4,223,194,125,Diverging
BrBG,10,5.5,5,246,232,195,Diverging
BrBG,10,5.5,6,199,234,229,Diverging
BrBG,10,5.5,7,128,205,193,Diverging
BrBG,10,5.5,8,53,151,143,Diverging
BrBG,10,5.5,9,1,102,94,Diverging
BrBG,10,5.5,10,0,60,48,Diverging
BrBG,11,6,1,84,48,5,Diverging
BrBG,11,6,2,140,81,10,Diverging
BrBG,11,6,3,191,129,45,Diverging
BrBG,11,6,4,223,194,125,Diverging
BrBG,11,6,5,246,232,195,Diverging
BrBG,11,6,6,245,245,245,Diverging
BrBG,11,6,7,199,234,229,Diverging
BrBG,11,6,8,128,205,193,Diverging
BrBG,11,6,9,53,151,143,Diverging
BrBG,11,6,10,1,102,94,Diverging
BrBG,11,6,11,0,60,48,Diverging
BuGn,3,6,1,229,245,249,Sequential
BuGn,3,6,2,153,216,201,Sequential
BuGn,3,6,3,44,162,95,Sequential
BuGn,4,6,1,237,248,251,Sequential
BuGn,4,6,2,178,226,226,Sequential
BuGn,4,6,3,102,194,164,Sequential
BuGn,4,6,4,35,139,69,Sequential
BuGn,5,6,1,237,248,251,Sequential
BuGn,5,6,2,178,226,226,Sequential
BuGn,5,6,3,102,194,164,Sequential
BuGn,5,6,4,44,162,95,Sequential
BuGn,5,6,5,0,109,44,Sequential
BuGn,6,6,1,237,248,251,Sequential
BuGn,6,6,2,204,236,230,Sequential
BuGn,6,6,3,153,216,201,Sequential
BuGn,6,6,4,102,194,164,Sequential
BuGn,6,6,5,44,162,95,Sequential
BuGn,6,6,6,0,109,44,Sequential
BuGn,7,6,1,237,248,251,Sequential
BuGn,7,6,2,204,236,230,Sequential
BuGn,7,6,3,153,216,201,Sequential
BuGn,7,6,4,102,194,164,Sequential
BuGn,7,6,5,65,174,118,Sequential
BuGn,7,6,6,35,139,69,Sequential
BuGn,7,6,7,0,88,36,Sequential
BuGn,8,6,1,247,252,253,Sequential
BuGn,8,6,2,229,245,249,Sequential
BuGn,8,6,3,204,236,230,Sequential
BuGn,8,6,4,153,216,201,Sequential
BuGn,8,6,5,102,194,164,Sequential
BuGn,8,6,6,65,174,118,Sequential
BuGn,8,6,7,35,139,69,Sequential
BuGn,8,6,8,0,88,36,Sequential
BuGn,9,6,1,247,252,253,Sequential
BuGn,9,6,2,229,245,249,Sequential
BuGn,9,6,3,204,236,230,Sequential
BuGn,9,6,4,153,216,201,Sequential
BuGn,9,6,5,102,194,164,Sequential
BuGn,9,6,6,65,174,118,Sequential
BuGn,9,6,7,35,139,69,Sequential
BuGn,9,6,8,0,109,44,Sequential
BuGn,9,6,9,0,68,27,Sequential
BuPu,3,6,1,224,236,244,Sequential
BuPu,3,6,2,158,188,218,Sequential
BuPu,3,6,3,136,86,167,Sequential
BuPu,4,6,1,237,248,251,Sequential
BuPu,4,6,2,179,205,227,Sequential
BuPu,4,6,3,140,150,198,Sequential
BuPu,4,6,4,136,65,157,Sequential
BuPu,5,6,1,237,248,251,Sequential
BuPu,5,6,2,179,205,227,Sequential
BuPu,5,6,3,140,150,198,Sequential
BuPu,5,6,4,136,86,167,Sequential
BuPu,5,6,5,129,15,124,Sequential
BuPu,6,6,1,237,248,251,Sequential
BuPu,6,6,2,191,211,230,Sequential
BuPu,6,6,3,158,188,218,Sequential
BuPu,6,6,4,140,150,198,Sequential
BuPu,6,6,5,136,86,167,Sequential
BuPu,6,6,6,129,15,124,Sequential
BuPu,7,6,1,237,248,251,Sequential
BuPu,7,6,2,191,211,230,Sequential
BuPu,7,6,3,158,188,218,Sequential
BuPu,7,6,4,140,150,198,Sequential
BuPu,7,6,5,140,107,177,Sequential
BuPu,7,6,6,136,65,157,Sequential
BuPu,7,6,7,110,1,107,Sequential
BuPu,8,6,1,247,252,253,Sequential
BuPu,8,6,2,224,236,244,Sequential
BuPu,8,6,3,191,211,230,Sequential
BuPu,8,6,4,158,188,218,Sequential
BuPu,8,6,5,140,150,198,Sequential
BuPu,8,6,6,140,107,177,Sequential
BuPu,8,6,7,136,65,157,Sequential
BuPu,8,6,8,110,1,107,Sequential
BuPu,9,6,1,247,252,253,Sequential
BuPu,9,6,2,224,236,244,Sequential
BuPu,9,6,3,191,211,230,Sequential
BuPu,9,6,4,158,188,218,Sequential
BuPu,9,6,5,140,150,198,Sequential
BuPu,9,6,6,140,107,177,Sequential
BuPu,9,6,7,136,65,157,Sequential
BuPu,9,6,8,129,15,124,Sequential
BuPu,9,6,9,77,0,75,Sequential
Dark2,3,6,1,27,158,119,Qualitative
Dark2,3,6,2,217,95,2,Qualitative
Dark2,3,6,3,117,112,179,Qualitative
Dark2,4,6,1,27,158,119,Qualitative
Dark2,4,6,2,217,95,2,Qualitative
Dark2,4,6,3,117,112,179,Qualitative
Dark2,4,6,4,231,41,138,Qualitative
Dark2,5,6,1,27,158,119,Qualitative
Dark2,5,6,2,217,95,2,Qualitative
Dark2,5,6,3,117,112,179,Qualitative
Dark2,5,6,4,231,41,138,Qualitative
Dark2,5,6,5,102,166,30,Qualitative
Dark2,6,6,1,27,158,119,Qualitative
Dark2,6,6,2,217,95,2,Qualitative
Dark2,6,6,3,117,112,179,Qualitative
Dark2,6,6,4,231,41,138,Qualitative
Dark2,6,6,5,102,166,30,Qualitative
Dark2,6,6,6,230,171,2,Qualitative
Dark2,7,6,1,27,158,119,Qualitative
Dark2,7,6,2,217,95,2,Qualitative
Dark2,7,6,3,117,112,179,Qualitative
Dark2,7,6,4,231,41,138,Qualitative
Dark2,7,6,5,102,166,30,Qualitative
Dark2,7,6,6,230,171,2,Qualitative
Dark2,7,6,7,166,118,29,Qualitative
Dark2,8,6,1,27,158,119,Qualitative
Dark2,8,6,2,217,95,2,Qualitative
Dark2,8,6,3,117,112,179,Qualitative
Dark2,8,6,4,231,41,138,Qualitative
Dark2,8,6,5,102,166,30,Qualitative
Dark2,8,6,6,230,171,2,Qualitative
Dark2,8,6,7,166,118,29,Qualitative
Dark2,8,6,8,102,102,102,Qualitative
GnBu,3,6,1,224,243,219,Sequential
GnBu,3,6,2,168,221,181,Sequential
GnBu,3,6,3,67,162,202,Sequential
GnBu,4,6,1,240,249,232,Sequential
GnBu,4,6,2,186,228,188,Sequential
GnBu,4,6,3,123,204,196,Sequential
GnBu,4,6,4,43,140,190,Sequential
GnBu,5,6,1,240,249,232,Sequential
GnBu,5,6,2,186,228,188,Sequential
GnBu,5,6,3,123,204,196,Sequential
GnBu,5,6,4,67,162,202,Sequential
GnBu,5,6,5,8,104,172,Sequential
GnBu,6,6,1,240,249,232,Sequential
GnBu,6,6,2,204,235,197,Sequential
GnBu,6,6,3,168,221,181,Sequential
GnBu,6,6,4,123,204,196,Sequential
GnBu,6,6,5,67,162,202,Sequential
GnBu,6,6,6,8,104,172,Sequential
GnBu,7,6,1,240,249,232,Sequential
GnBu,7,6,2,204,235,197,Sequential
GnBu,7,6,3,168,221,181,Sequential
GnBu,7,6,4,123,204,196,Sequential
GnBu,7,6,5,78,179,211,Sequential
GnBu,7,6,6,43,140,190,Sequential
GnBu,7,6,7,8,88,158,Sequential
GnBu,8,6,1,247,252,240,Sequential
GnBu,8,6,2,224,243,219,Sequential
GnBu,8,6,3,204,235,197,Sequential
GnBu,8,6,4,168,221,181,Sequential
GnBu,8,6,5,123,204,196,Sequential
GnBu,8,6,6,78,179,211,Sequential
GnBu,8,6,7,43,140,190,Sequential
GnBu,8,6,8,8,88,158,Sequential
GnBu,9,6,1,247,252,240,Sequential
GnBu,9,6,2,224,243,219,Sequential
GnBu,9,6,3,204,235,197,Sequential
GnBu,9,6,4,168,221,181,Sequential
GnBu,9,6,5,123,204,196,Sequential
GnBu,9,6,6,78,179,211,Sequential
GnBu,9,6,7,43,140,190,Sequential
GnBu,9,6,8,8,104,172,Sequential
GnBu,9,6,9,8,64,129,Sequential
Greens,3,6,1,229,245,224,Sequential
Greens,3,6,2,161,217,155,Sequential
Greens,3,6,3,49,163,84,Sequential
Greens,4,6,1,237,248,233,Sequential
Greens,4,6,2,186,228,179,Sequential
Greens,4,6,3,116,196,118,Sequential
Greens,4,6,4,35,139,69,Sequential
Greens,5,6,1,237,248,233,Sequential
Greens,5,6,2,186,228,179,Sequential
Greens,5,6,3,116,196,118,Sequential
Greens,5,6,4,49,163,84,Sequential
Greens,5,6,5,0,109,44,Sequential
Greens,6,6,1,237,248,233,Sequential
Greens,6,6,2,199,233,192,Sequential
Greens,6,6,3,161,217,155,Sequential
Greens,6,6,4,116,196,118,Sequential
Greens,6,6,5,49,163,84,Sequential
Greens,6,6,6,0,109,44,Sequential
Greens,7,6,1,237,248,233,Sequential
Greens,7,6,2,199,233,192,Sequential
Greens,7,6,3,161,217,155,Sequential
Greens,7,6,4,116,196,118,Sequential
Greens,7,6,5,65,171,93,Sequential
Greens,7,6,6,35,139,69,Sequential
Greens,7,6,7,0,90,50,Sequential
Greens,8,6,1,247,252,245,Sequential
Greens,8,6,2,229,245,224,Sequential
Greens,8,6,3,199,233,192,Sequential
Greens,8,6,4,161,217,155,Sequential
Greens,8,6,5,116,196,118,Sequential
Greens,8,6,6,65,171,93,Sequential
Greens,8,6,7,35,139,69,Sequential
Greens,8,6,8,0,90,50,Sequential
Greens,9,6,1,247,252,245,Sequential
Greens,9,6,2,229,245,224,Sequential
Greens,9,6,3,199,233,192,Sequential
Greens,9,6,4,161,217,155,Sequential
Greens,9,6,5,116,196,118,Sequential
Greens,9,6,6,65,171,93,Sequential
Greens,9,6,7,35,139,69,Sequential
Greens,9,6,8,0,109,44,Sequential
Greens,9,6,9,0,68,27,Sequential
Greys,3,6,1,240,240,240,Sequential
Greys,3,6,2,189,189,189,Sequential
Greys,3,6,3,99,99,99,Sequential
Greys,4,6,1,247,247,247,Sequential
Greys,4,6,2,204,204,204,Sequential
Greys,4,6,3,150,150,150,Sequential
Greys,4,6,4,82,82,82,Sequential
Greys,5,6,1,247,247,247,Sequential
Greys,5,6,2,204,204,204,Sequential
Greys,5,6,3,150,150,150,Sequential
Greys,5,6,4,99,99,99,Sequential
Greys,5,6,5,37,37,37,Sequential
Greys,6,6,1,247,247,247,Sequential
Greys,6,6,2,217,217,217,Sequential
Greys,6,6,3,189,189,189,Sequential
Greys,6,6,4,150,150,150,Sequential
Greys,6,6,5,99,99,99,Sequential
Greys,6,6,6,37,37,37,Sequential
Greys,7,6,1,247,247,247,Sequential
Greys,7,6,2,217,217,217,Sequential
Greys,7,6,3,189,189,189,Sequential
Greys,7,6,4,150,150,150,Sequential
Greys,7,6,5,115,115,115,Sequential
Greys,7,6,6,82,82,82,Sequential
Greys,7,6,7,37,37,37,Sequential
Greys,8,6,1,255,255,255,Sequential
Greys,8,6,2,240,240,240,Sequential
Greys,8,6,3,217,217,217,Sequential
Greys,8,6,4,189,189,189,Sequential
Greys,8,6,5,150,150,150,Sequential
Greys,8,6,6,115,115,115,Sequential
Greys,8,6,7,82,82,82,Sequential
Greys,8,6,8,37,37,37,Sequential
Greys,9,6,1,255,255,255,Sequential
Greys,9,6,2,240,240,240,Sequential
Greys,9,6,3,217,217,217,Sequential
Greys,9,6,4,189,189,189,Sequential
Greys,9,6,5,150,150,150,Sequential
Greys,9,6,6,115,115,115,Sequential
Greys,9,6,7,82,82,82,Sequential
Greys,9,6,8,37,37,37,Sequential
Greys,9,6,9,0,0,0,Sequential
Oranges,3,6,1,254,230,206,Sequential
Oranges,3,6,2,253,174,107,Sequential
Oranges,3,6,3,230,85,13,Sequential
Oranges,4,6,1,254,237,222,Sequential
Oranges,4,6,2,253,190,133,Sequential
Oranges,4,6,3,253,141,60,Sequential
Oranges,4,6,4,217,71,1,Sequential
Oranges,5,6,1,254,237,222,Sequential
Oranges,5,6,2,253,190,133,Sequential
Oranges,5,6,3,253,141,60,Sequential
Oranges,5,6,4,230,85,13,Sequential
Oranges,5,6,5,166,54,3,Sequential
Oranges,6,6,1,254,237,222,Sequential
Oranges,6,6,2,253,208,162,Sequential
Oranges,6,6,3,253,174,107,Sequential
Oranges,6,6,4,253,141,60,Sequential
Oranges,6,6,5,230,85,13,Sequential
Oranges,6,6,6,166,54,3,Sequential
Oranges,7,6,1,254,237,222,Sequential
Oranges,7,6,2,253,208,162,Sequential
Oranges,7,6,3,253,174,107,Sequential
Oranges,7,6,4,253,141,60,Sequential
Oranges,7,6,5,241,105,19,Sequential
Oranges,7,6,6,217,72,1,Sequential
Oranges,7,6,7,140,45,4,Sequential
Oranges,8,6,1,255,245,235,Sequential
Oranges,8,6,2,254,230,206,Sequential
Oranges,8,6,3,253,208,162,Sequential
Oranges,8,6,4,253,174,107,Sequential
Oranges,8,6,5,253,141,60,Sequential
Oranges,8,6,6,241,105,19,Sequential
Oranges,8,6,7,217,72,1,Sequential
Oranges,8,6,8,140,45,4,Sequential
Oranges,9,6,1,255,245,235,Sequential
Oranges,9,6,2,254,230,206,Sequential
Oranges,9,6,3,253,208,162,Sequential
Oranges,9,6,4,253,174,107,Sequential
Oranges,9,6,5,253,141,60,Sequential
Oranges,9,6,6,241,105,19,Sequential
Oranges,9,6,7,217,72,1,Sequential
Oranges,9,6,8,166,54,3,Sequential
Oranges,9,6,9,127,39,4,Sequential
OrRd,3,6,1,254,232,200,Sequential
OrRd,3,6,2,253,187,132,Sequential
OrRd,3,6,3,227,74,51,Sequential
OrRd,4,6,1,254,240,217,Sequential
OrRd,4,6,2,253,204,138,Sequential
OrRd,4,6,3,252,141,89,Sequential
OrRd,4,6,4,215,48,31,Sequential
OrRd,5,6,1,254,240,217,Sequential
OrRd,5,6,2,253,204,138,Sequential
OrRd,5,6,3,252,141,89,Sequential
OrRd,5,6,4,227,74,51,Sequential
OrRd,5,6,5,179,0,0,Sequential
OrRd,6,6,1,254,240,217,Sequential
OrRd,6,6,2,253,212,158,Sequential
OrRd,6,6,3,253,187,132,Sequential
OrRd,6,6,4,252,141,89,Sequential
OrRd,6,6,5,227,74,51,Sequential
OrRd,6,6,6,179,0,0,Sequential
OrRd,7,6,1,254,240,217,Sequential
OrRd,7,6,2,253,212,158,Sequential
OrRd,7,6,3,253,187,132,Sequential
OrRd,7,6,4,252,141,89,Sequential
OrRd,7,6,5,239,101,72,Sequential
OrRd,7,6,6,215,48,31,Sequential
OrRd,7,6,7,153,0,0,Sequential
OrRd,8,6,1,255,247,236,Sequential
OrRd,8,6,2,254,232,200,Sequential
OrRd,8,6,3,253,212,158,Sequential
OrRd,8,6,4,253,187,132,Sequential
OrRd,8,6,5,252,141,89,Sequential
OrRd,8,6,6,239,101,72,Sequential
OrRd,8,6,7,215,48,31,Sequential
OrRd,8,6,8,153,0,0,Sequential
OrRd,9,6,1,255,247,236,Sequential
OrRd,9,6,2,254,232,200,Sequential
OrRd,9,6,3,253,212,158,Sequential
OrRd,9,6,4,253,187,132,Sequential
OrRd,9,6,5,252,141,89,Sequential
OrRd,9,6,6,239,101,72,Sequential
OrRd,9,6,7,215,48,31,Sequential
OrRd,9,6,8,179,0,0,Sequential
OrRd,9,6,9,127,0,0,Sequential
Paired,3,6,1,166,206,227,Qualitative
Paired,3,6,2,31,120,180,Qualitative
Paired,3,6,3,178,223,138,Qualitative
Paired,4,6,1,166,206,227,Qualitative
Paired,4,6,2,31,120,180,Qualitative
Paired,4,6,3,178,223,138,Qualitative
Paired,4,6,4,51,160,44,Qualitative
Paired,5,6,1,166,206,227,Qualitative
Paired,5,6,2,31,120,180,Qualitative
Paired,5,6,3,178,223,138,Qualitative
Paired,5,6,4,51,160,44,Qualitative
Paired,5,6,5,251,154,153,Qualitative
Paired,6,6,1,166,206,227,Qualitative
Paired,6,6,2,31,120,180,Qualitative
Paired,6,6,3,178,223,138,Qualitative
Paired,6,6,4,51,160,44,Qualitative
Paired,6,6,5,251,154,153,Qualitative
Paired,6,6,6,227,26,28,Qualitative
Paired,7,6,1,166,206,227,Qualitative
Paired,7,6,2,31,120,180,Qualitative
Paired,7,6,3,178,223,138,Qualitative
Paired,7,6,4,51,160,44,Qualitative
Paired,7,6,5,251,154,153,Qualitative
Paired,7,6,6,227,26,28,Qualitative
Paired,7,6,7,253,191,111,Qualitative
Paired,8,6,1,166,206,227,Qualitative
Paired,8,6,2,31,120,180,Qualitative
Paired,8,6,3,178,223,138,Qualitative
Paired,8,6,4,51,160,44,Qualitative
Paired,8,6,5,251,154,153,Qualitative
Paired,8,6,6,227,26,28,Qualitative
Paired,8,6,7,253,191,111,Qualitative
Paired,8,6,8,255,127,0,Qualitative
Paired,9,6,1,166,206,227,Qualitative
Paired,9,6,2,31,120,180,Qualitative
Paired,9,6,3,178,223,138,Qualitative
Paired,9,6,4,51,160,44,Qualitative
Paired,9,6,5,251,154,153,Qualitative
Paired,9,6,6,227,26,28,Qualitative
Paired,9,6,7,253,191,111,Qualitative
Paired,9,6,8,255,127,0,Qualitative
Paired,9,6,9,202,178,214,Qualitative
Paired,10,6,1,166,206,227,Qualitative
Paired,10,6,2,31,120,180,Qualitative
Paired,10,6,3,178,223,138,Qualitative
Paired,10,6,4,51,160,44,Qualitative
Paired,10,6,5,251,154,153,Qualitative
Paired,10,6,6,227,26,28,Qualitative
Paired,10,6,7,253,191,111,Qualitative
Paired,10,6,8,255,127,0,Qualitative
Paired,10,6,9,202,178,214,Qualitative
Paired,10,6,10,106,61,154,Qualitative
Paired,11,6,1,166,206,227,Qualitative
Paired,11,6,2,31,120,180,Qualitative
Paired,11,6,3,178,223,138,Qualitative
Paired,11,6,4,51,160,44,Qualitative
Paired,11,6,5,251,154,153,Qualitative
Paired,11,6,6,227,26,28,Qualitative
Paired,11,6,7,253,191,111,Qualitative
Paired,11,6,8,255,127,0,Qualitative
Paired,11,6,9,202,178,214,Qualitative
Paired,11,6,10,106,61,154,Qualitative
Paired,11,6,11,255,255,153,Qualitative
Paired,12,6,1,166,206,227,Qualitative
Paired,12,6,2,31,120,180,Qualitative
Paired,12,6,3,178,223,138,Qualitative
Paired,12,6,4,51,160,44,Qualitative
Paired,12,6,5,251,154,153,Qualitative
Paired,12,6,6,227,26,28,Qualitative
Paired,12,6,7,253,191,111,Qualitative
Paired,12,6,8,255,127,0,Qualitative
Paired,12,6,9,202,178,214,Qualitative
Paired,12,6,10,106,61,154,Qualitative
Paired,12,6,11,255,255,153,Qualitative
Paired,12,6,12,177,89,40,Qualitative
Pastel1,3,6,1,251,180,174,Qualitative
Pastel1,3,6,2,179,205,227,Qualitative
Pastel1,3,6,3,204,235,197,Qualitative
Pastel1,4,6,1,251,180,174,Qualitative
Pastel1,4,6,2,179,205,227,Qualitative
Pastel1,4,6,3,204,235,197,Qualitative
Pastel1,4,6,4,222,203,228,Qualitative
Pastel1,5,6,1,251,180,174,Qualitative
Pastel1,5,6,2,179,205,227,Qualitative
Pastel1,5,6,3,204,235,197,Qualitative
Pastel1,5,6,4,222,203,228,Qualitative
Pastel1,5,6,5,254,217,166,Qualitative
Pastel1,6,6,1,251,180,174,Qualitative
Pastel1,6,6,2,179,205,227,Qualitative
Pastel1,6,6,3,204,235,197,Qualitative
Pastel1,6,6,4,222,203,228,Qualitative
Pastel1,6,6,5,254,217,166,Qualitative
Pastel1,6,6,6,255,255,204,Qualitative
Pastel1,7,6,1,251,180,174,Qualitative
Pastel1,7,6,2,179,205,227,Qualitative
Pastel1,7,6,3,204,235,197,Qualitative
Pastel1,7,6,4,222,203,228,Qualitative
Pastel1,7,6,5,254,217,166,Qualitative
Pastel1,7,6,6,255,255,204,Qualitative
Pastel1,7,6,7,229,216,189,Qualitative
Pastel1,8,6,1,251,180,174,Qualitative
Pastel1,8,6,2,179,205,227,Qualitative
Pastel1,8,6,3,204,235,197,Qualitative
Pastel1,8,6,4,222,203,228,Qualitative
Pastel1,8,6,5,254,217,166,Qualitative
Pastel1,8,6,6,255,255,204,Qualitative
Pastel1,8,6,7,229,216,189,Qualitative
Pastel1,8,6,8,253,218,236,Qualitative
Pastel1,9,6,1,251,180,174,Qualitative
Pastel1,9,6,2,179,205,227,Qualitative
Pastel1,9,6,3,204,235,197,Qualitative
Pastel1,9,6,4,222,203,228,Qualitative
Pastel1,9,6,5,254,217,166,Qualitative
Pastel1,9,6,6,255,255,204,Qualitative
Pastel1,9,6,7,229,216,189,Qualitative
Pastel1,9,6,8,253,218,236,Qualitative
Pastel1,9,6,9,242,242,242,Qualitative
Pastel2,3,6,1,179,226,205,Qualitative
Pastel2,3,6,2,253,205,172,Qualitative
Pastel2,3,6,3,203,213,232,Qualitative
Pastel2,4,6,1,179,226,205,Qualitative
Pastel2,4,6,2,253,205,172,Qualitative
Pastel2,4,6,3,203,213,232,Qualitative
Pastel2,4,6,4,244,202,228,Qualitative
Pastel2,5,6,1,179,226,205,Qualitative
Pastel2,5,6,2,253,205,172,Qualitative
Pastel2,5,6,3,203,213,232,Qualitative
Pastel2,5,6,4,244,202,228,Qualitative
Pastel2,5,6,5,230,245,201,Qualitative
Pastel2,6,6,1,179,226,205,Qualitative
Pastel2,6,6,2,253,205,172,Qualitative
Pastel2,6,6,3,203,213,232,Qualitative
Pastel2,6,6,4,244,202,228,Qualitative
Pastel2,6,6,5,230,245,201,Qualitative
Pastel2,6,6,6,255,242,174,Qualitative
Pastel2,7,6,1,179,226,205,Qualitative
Pastel2,7,6,2,253,205,172,Qualitative
Pastel2,7,6,3,203,213,232,Qualitative
Pastel2,7,6,4,244,202,228,Qualitative
Pastel2,7,6,5,230,245,201,Qualitative
Pastel2,7,6,6,255,242,174,Qualitative
Pastel2,7,6,7,241,226,204,Qualitative
Pastel2,8,6,1,179,226,205,Qualitative
Pastel2,8,6,2,253,205,172,Qualitative
Pastel2,8,6,3,203,213,232,Qualitative
Pastel2,8,6,4,244,202,228,Qualitative
Pastel2,8,6,5,230,245,201,Qualitative
Pastel2,8,6,6,255,242,174,Qualitative
Pastel2,8,6,7,241,226,204,Qualitative
Pastel2,8,6,8,204,204,204,Qualitative
PiYG,3,2,1,233,163,201,Diverging
PiYG,3,2,2,247,247,247,Diverging
PiYG,3,2,3,161,215,106,Diverging
PiYG,4,2.5,1,208,28,139,Diverging
PiYG,4,2.5,2,241,182,218,Diverging
PiYG,4,2.5,3,184,225,134,Diverging
PiYG,4,2.5,4,77,172,38,Diverging
PiYG,5,3,1,208,28,139,Diverging
PiYG,5,3,2,241,182,218,Diverging
PiYG,5,3,3,247,247,247,Diverging
PiYG,5,3,4,184,225,134,Diverging
PiYG,5,3,5,77,172,38,Diverging
PiYG,6,3.5,1,197,27,125,Diverging
PiYG,6,3.5,2,233,163,201,Diverging
PiYG,6,3.5,3,253,224,239,Diverging
PiYG,6,3.5,4,230,245,208,Diverging
PiYG,6,3.5,5,161,215,106,Diverging
PiYG,6,3.5,6,77,146,33,Diverging
PiYG,7,4,1,197,27,125,Diverging
PiYG,7,4,2,233,163,201,Diverging
PiYG,7,4,3,253,224,239,Diverging
PiYG,7,4,4,247,247,247,Diverging
PiYG,7,4,5,230,245,208,Diverging
PiYG,7,4,6,161,215,106,Diverging
PiYG,7,4,7,77,146,33,Diverging
PiYG,8,4.5,1,197,27,125,Diverging
PiYG,8,4.5,2,222,119,174,Diverging
PiYG,8,4.5,3,241,182,218,Diverging
PiYG,8,4.5,4,253,224,239,Diverging
PiYG,8,4.5,5,230,245,208,Diverging
PiYG,8,4.5,6,184,225,134,Diverging
PiYG,8,4.5,7,127,188,65,Diverging
PiYG,8,4.5,8,77,146,33,Diverging
PiYG,9,5,1,197,27,125,Diverging
PiYG,9,5,2,222,119,174,Diverging
PiYG,9,5,3,241,182,218,Diverging
PiYG,9,5,4,253,224,239,Diverging
PiYG,9,5,5,247,247,247,Diverging
PiYG,9,5,6,230,245,208,Diverging
PiYG,9,5,7,184,225,134,Diverging
PiYG,9,5,8,127,188,65,Diverging
PiYG,9,5,9,77,146,33,Diverging
PiYG,10,5.5,1,142,1,82,Diverging
PiYG,10,5.5,2,197,27,125,Diverging
PiYG,10,5.5,3,222,119,174,Diverging
PiYG,10,5.5,4,241,182,218,Diverging
PiYG,10,5.5,5,253,224,239,Diverging
PiYG,10,5.5,6,230,245,208,Diverging
PiYG,10,5.5,7,184,225,134,Diverging
PiYG,10,5.5,8,127,188,65,Diverging
PiYG,10,5.5,9,77,146,33,Diverging
PiYG,10,5.5,10,39,100,25,Diverging
PiYG,11,6,1,142,1,82,Diverging
PiYG,11,6,2,197,27,125,Diverging
PiYG,11,6,3,222,119,174,Diverging
PiYG,11,6,4,241,182,218,Diverging
PiYG,11,6,5,253,224,239,Diverging
PiYG,11,6,6,247,247,247,Diverging
PiYG,11,6,7,230,245,208,Diverging
PiYG,11,6,8,184,225,134,Diverging
PiYG,11,6,9,127,188,65,Diverging
PiYG,11,6,10,77,146,33,Diverging
PiYG,11,6,11,39,100,25,Diverging
PRGn,3,2,1,175,141,195,Diverging
PRGn,3,2,2,247,247,247,Diverging
PRGn,3,2,3,127,191,123,Diverging
PRGn,4,2.5,1,123,50,148,Diverging
PRGn,4,2.5,2,194,165,207,Diverging
PRGn,4,2.5,3,166,219,160,Diverging
PRGn,4,2.5,4,0,136,55,Diverging
PRGn,5,3,1,123,50,148,Diverging
PRGn,5,3,2,194,165,207,Diverging
PRGn,5,3,3,247,247,247,Diverging
PRGn,5,3,4,166,219,160,Diverging
PRGn,5,3,5,0,136,55,Diverging
PRGn,6,3.5,1,118,42,131,Diverging
PRGn,6,3.5,2,175,141,195,Diverging
PRGn,6,3.5,3,231,212,232,Diverging
PRGn,6,3.5,4,217,240,211,Diverging
PRGn,6,3.5,5,127,191,123,Diverging
PRGn,6,3.5,6,27,120,55,Diverging
PRGn,7,4,1,118,42,131,Diverging
PRGn,7,4,2,175,141,195,Diverging
PRGn,7,4,3,231,212,232,Diverging
PRGn,7,4,4,247,247,247,Diverging
PRGn,7,4,5,217,240,211,Diverging
PRGn,7,4,6,127,191,123,Diverging
PRGn,7,4,7,27,120,55,Diverging
PRGn,8,4.5,1,118,42,131,Diverging
PRGn,8,4.5,2,153,112,171,Diverging
PRGn,8,4.5,3,194,165,207,Diverging
PRGn,8,4.5,4,231,212,232,Diverging
PRGn,8,4.5,5,217,240,211,Diverging
PRGn,8,4.5,6,166,219,160,Diverging
PRGn,8,4.5,7,90,174,97,Diverging
PRGn,8,4.5,8,27,120,55,Diverging
PRGn,9,5,1,118,42,131,Diverging
PRGn,9,5,2,153,112,171,Diverging
PRGn,9,5,3,194,165,207,Diverging
PRGn,9,5,4,231,212,232,Diverging
PRGn,9,5,5,247,247,247,Diverging
PRGn,9,5,6,217,240,211,Diverging
PRGn,9,5,7,166,219,160,Diverging
PRGn,9,5,8,90,174,97,Diverging
PRGn,9,5,9,27,120,55,Diverging
PRGn,10,5.5,1,64,0,75,Diverging
PRGn,10,5.5,2,118,42,131,Diverging
PRGn,10,5.5,3,153,112,171,Diverging
PRGn,10,5.5,4,194,165,207,Diverging
PRGn,10,5.5,5,231,212,232,Diverging
PRGn,10,5.5,6,217,240,211,Diverging
PRGn,10,5.5,7,166,219,160,Diverging
PRGn,10,5.5,8,90,174,97,Diverging
PRGn,10,5.5,9,27,120,55,Diverging
PRGn,10,5.5,10,0,68,27,Diverging
PRGn,11,6,1,64,0,75,Diverging
PRGn,11,6,2,118,42,131,Diverging
PRGn,11,6,3,153,112,171,Diverging
PRGn,11,6,4,194,165,207,Diverging
PRGn,11,6,5,231,212,232,Diverging
PRGn,11,6,6,247,247,247,Diverging
PRGn,11,6,7,217,240,211,Diverging
PRGn,11,6,8,166,219,160,Diverging
PRGn,11,6,9,90,174,97,Diverging
PRGn,11,6,10,27,120,55,Diverging
PRGn,11,6,11,0,68,27,Diverging
PuBu,3,6,1,236,231,242,Sequential
PuBu,3,6,2,166,189,219,Sequential
PuBu,3,6,3,43,140,190,Sequential
PuBu,4,6,1,241,238,246,Sequential
PuBu,4,6,2,189,201,225,Sequential
PuBu,4,6,3,116,169,207,Sequential
PuBu,4,6,4,5,112,176,Sequential
PuBu,5,6,1,241,238,246,Sequential
PuBu,5,6,2,189,201,225,Sequential
PuBu,5,6,3,116,169,207,Sequential
PuBu,5,6,4,43,140,190,Sequential
PuBu,5,6,5,4,90,141,Sequential
PuBu,6,6,1,241,238,246,Sequential
PuBu,6,6,2,208,209,230,Sequential
PuBu,6,6,3,166,189,219,Sequential
PuBu,6,6,4,116,169,207,Sequential
PuBu,6,6,5,43,140,190,Sequential
PuBu,6,6,6,4,90,141,Sequential
PuBu,7,6,1,241,238,246,Sequential
PuBu,7,6,2,208,209,230,Sequential
PuBu,7,6,3,166,189,219,Sequential
PuBu,7,6,4,116,169,207,Sequential
PuBu,7,6,5,54,144,192,Sequential
PuBu,7,6,6,5,112,176,Sequential
PuBu,7,6,7,3,78,123,Sequential
PuBu,8,6,1,255,247,251,Sequential
PuBu,8,6,2,236,231,242,Sequential
PuBu,8,6,3,208,209,230,Sequential
PuBu,8,6,4,166,189,219,Sequential
PuBu,8,6,5,116,169,207,Sequential
PuBu,8,6,6,54,144,192,Sequential
PuBu,8,6,7,5,112,176,Sequential
PuBu,8,6,8,3,78,123,Sequential
PuBu,9,6,1,255,247,251,Sequential
PuBu,9,6,2,236,231,242,Sequential
PuBu,9,6,3,208,209,230,Sequential
PuBu,9,6,4,166,189,219,Sequential
PuBu,9,6,5,116,169,207,Sequential
PuBu,9,6,6,54,144,192,Sequential
PuBu,9,6,7,5,112,176,Sequential
PuBu,9,6,8,4,90,141,Sequential
PuBu,9,6,9,2,56,88,Sequential
PuBuGn,3,6,1,236,226,240,Sequential
PuBuGn,3,6,2,166,189,219,Sequential
PuBuGn,3,6,3,28,144,153,Sequential
PuBuGn,4,6,1,246,239,247,Sequential
PuBuGn,4,6,2,189,201,225,Sequential
PuBuGn,4,6,3,103,169,207,Sequential
PuBuGn,4,6,4,2,129,138,Sequential
PuBuGn,5,6,1,246,239,247,Sequential
PuBuGn,5,6,2,189,201,225,Sequential
PuBuGn,5,6,3,103,169,207,Sequential
PuBuGn,5,6,4,28,144,153,Sequential
PuBuGn,5,6,5,1,108,89,Sequential
PuBuGn,6,6,1,246,239,247,Sequential
PuBuGn,6,6,2,208,209,230,Sequential
PuBuGn,6,6,3,166,189,219,Sequential
PuBuGn,6,6,4,103,169,207,Sequential
PuBuGn,6,6,5,28,144,153,Sequential
PuBuGn,6,6,6,1,108,89,Sequential
PuBuGn,7,6,1,246,239,247,Sequential
PuBuGn,7,6,2,208,209,230,Sequential
PuBuGn,7,6,3,166,189,219,Sequential
PuBuGn,7,6,4,103,169,207,Sequential
PuBuGn,7,6,5,54,144,192,Sequential
PuBuGn,7,6,6,2,129,138,Sequential
PuBuGn,7,6,7,1,100,80,Sequential
PuBuGn,8,6,1,255,247,251,Sequential
PuBuGn,8,6,2,236,226,240,Sequential
PuBuGn,8,6,3,208,209,230,Sequential
PuBuGn,8,6,4,166,189,219,Sequential
PuBuGn,8,6,5,103,169,207,Sequential
PuBuGn,8,6,6,54,144,192,Sequential
PuBuGn,8,6,7,2,129,138,Sequential
PuBuGn,8,6,8,1,100,80,Sequential
PuBuGn,9,6,1,255,247,251,Sequential
PuBuGn,9,6,2,236,226,240,Sequential
PuBuGn,9,6,3,208,209,230,Sequential
PuBuGn,9,6,4,166,189,219,Sequential
PuBuGn,9,6,5,103,169,207,Sequential
PuBuGn,9,6,6,54,144,192,Sequential
PuBuGn,9,6,7,2,129,138,Sequential
PuBuGn,9,6,8,1,108,89,Sequential
PuBuGn,9,6,9,1,70,54,Sequential
PuOr,3,2,1,241,163,64,Diverging
PuOr,3,2,2,247,247,247,Diverging
PuOr,3,2,3,153,142,195,Diverging
PuOr,4,2.5,1,230,97,1,Diverging
PuOr,4,2.5,2,253,184,99,Diverging
PuOr,4,2.5,3,178,171,210,Diverging
PuOr,4,2.5,4,94,60,153,Diverging
PuOr,5,3,1,230,97,1,Diverging
PuOr,5,3,2,253,184,99,Diverging
PuOr,5,3,3,247,247,247,Diverging
PuOr,5,3,4,178,171,210,Diverging
PuOr,5,3,5,94,60,153,Diverging
PuOr,6,3.5,1,179,88,6,Diverging
PuOr,6,3.5,2,241,163,64,Diverging
PuOr,6,3.5,3,254,224,182,Diverging
PuOr,6,3.5,4,216,218,235,Diverging
PuOr,6,3.5,5,153,142,195,Diverging
PuOr,6,3.5,6,84,39,136,Diverging
PuOr,7,4,1,179,88,6,Diverging
PuOr,7,4,2,241,163,64,Diverging
PuOr,7,4,3,254,224,182,Diverging
PuOr,7,4,4,247,247,247,Diverging
PuOr,7,4,5,216,218,235,Diverging
PuOr,7,4,6,153,142,195,Diverging
PuOr,7,4,7,84,39,136,Diverging
PuOr,8,4.5,1,179,88,6,Diverging
PuOr,8,4.5,2,224,130,20,Diverging
PuOr,8,4.5,3,253,184,99,Diverging
PuOr,8,4.5,4,254,224,182,Diverging
PuOr,8,4.5,5,216,218,235,Diverging
PuOr,8,4.5,6,178,171,210,Diverging
PuOr,8,4.5,7,128,115,172,Diverging
PuOr,8,4.5,8,84,39,136,Diverging
PuOr,9,5,1,179,88,6,Diverging
PuOr,9,5,2,224,130,20,Diverging
PuOr,9,5,3,253,184,99,Diverging
PuOr,9,5,4,254,224,182,Diverging
PuOr,9,5,5,247,247,247,Diverging
PuOr,9,5,6,216,218,235,Diverging
PuOr,9,5,7,178,171,210,Diverging
PuOr,9,5,8,128,115,172,Diverging
PuOr,9,5,9,84,39,136,Diverging
PuOr,10,5.5,1,127,59,8,Diverging
PuOr,10,5.5,2,179,88,6,Diverging
PuOr,10,5.5,3,224,130,20,Diverging
PuOr,10,5.5,4,253,184,99,Diverging
PuOr,10,5.5,5,254,224,182,Diverging
PuOr,10,5.5,6,216,218,235,Diverging
PuOr,10,5.5,7,178,171,210,Diverging
PuOr,10,5.5,8,128,115,172,Diverging
PuOr,10,5.5,9,84,39,136,Diverging
PuOr,10,5.5,10,45,0,75,Diverging
PuOr,11,6,1,127,59,8,Diverging
PuOr,11,6,2,179,88,6,Diverging
PuOr,11,6,3,224,130,20,Diverging
PuOr,11,6,4,253,184,99,Diverging
PuOr,11,6,5,254,224,182,Diverging
PuOr,11,6,6,247,247,247,Diverging
PuOr,11,6,7,216,218,235,Diverging
PuOr,11,6,8,178,171,210,Diverging
PuOr,11,6,9,128,115,172,Diverging
PuOr,11,6,10,84,39,136,Diverging
PuOr,11,6,11,45,0,75,Diverging
PuRd,3,6,1,231,225,239,Sequential
PuRd,3,6,2,201,148,199,Sequential
PuRd,3,6,3,221,28,119,Sequential
PuRd,4,6,1,241,238,246,Sequential
PuRd,4,6,2,215,181,216,Sequential
PuRd,4,6,3,223,101,176,Sequential
PuRd,4,6,4,206,18,86,Sequential
PuRd,5,6,1,241,238,246,Sequential
PuRd,5,6,2,215,181,216,Sequential
PuRd,5,6,3,223,101,176,Sequential
PuRd,5,6,4,221,28,119,Sequential
PuRd,5,6,5,152,0,67,Sequential
PuRd,6,6,1,241,238,246,Sequential
PuRd,6,6,2,212,185,218,Sequential
PuRd,6,6,3,201,148,199,Sequential
PuRd,6,6,4,223,101,176,Sequential
PuRd,6,6,5,221,28,119,Sequential
PuRd,6,6,6,152,0,67,Sequential
PuRd,7,6,1,241,238,246,Sequential
PuRd,7,6,2,212,185,218,Sequential
PuRd,7,6,3,201,148,199,Sequential
PuRd,7,6,4,223,101,176,Sequential
PuRd,7,6,5,231,41,138,Sequential
PuRd,7,6,6,206,18,86,Sequential
PuRd,7,6,7,145,0,63,Sequential
PuRd,8,6,1,247,244,249,Sequential
PuRd,8,6,2,231,225,239,Sequential
PuRd,8,6,3,212,185,218,Sequential
PuRd,8,6,4,201,148,199,Sequential
PuRd,8,6,5,223,101,176,Sequential
PuRd,8,6,6,231,41,138,Sequential
PuRd,8,6,7,206,18,86,Sequential
PuRd,8,6,8,145,0,63,Sequential
PuRd,9,6,1,247,244,249,Sequential
PuRd,9,6,2,231,225,239,Sequential
PuRd,9,6,3,212,185,218,Sequential
PuRd,9,6,4,201,148,199,Sequential
PuRd,9,6,5,223,101,176,Sequential
PuRd,9,6,6,231,41,138,Sequential
PuRd,9,6,7,206,18,86,Sequential
PuRd,9,6,8,152,0,67,Sequential
PuRd,9,6,9,103,0,31,Sequential
Purples,3,6,1,239,237,245,Sequential
Purples,3,6,2,188,189,220,Sequential
Purples,3,6,3,117,107,177,Sequential
Purples,4,6,1,242,240,247,Sequential
Purples,4,6,2,203,201,226,Sequential
Purples,4,6,3,158,154,200,Sequential
Purples,4,6,4,106,81,163,Sequential
Purples,5,6,1,242,240,247,Sequential
Purples,5,6,2,203,201,226,Sequential
Purples,5,6,3,158,154,200,Sequential
Purples,5,6,4,117,107,177,Sequential
Purples,5,6,5,84,39,143,Sequential
Purples,6,6,1,242,240,247,Sequential
Purples,6,6,2,218,218,235,Sequential
Purples,6,6,3,188,189,220,Sequential
Purples,6,6,4,158,154,200,Sequential
Purples,6,6,5,117,107,177,Sequential
Purples,6,6,6,84,39,143,Sequential
Purples,7,6,1,242,240,247,Sequential
Purples,7,6,2,218,218,235,Sequential
Purples,7,6,3,188,189,220,Sequential
Purples,7,6,4,158,154,200,Sequential
Purples,7,6,5,128,125,186,Sequential
Purples,7,6,6,106,81,163,Sequential
Purples,7,6,7,74,20,134,Sequential
Purples,8,6,1,252,251,253,Sequential
Purples,8,6,2,239,237,245,Sequential
Purples,8,6,3,218,218,235,Sequential
Purples,8,6,4,188,189,220,Sequential
Purples,8,6,5,158,154,200,Sequential
Purples,8,6,6,128,125,186,Sequential
Purples,8,6,7,106,81,163,Sequential
Purples,8,6,8,74,20,134,Sequential
Purples,9,6,1,252,251,253,Sequential
Purples,9,6,2,239,237,245,Sequential
Purples,9,6,3,218,218,235,Sequential
Purples,9,6,4,188,189,220,Sequential
Purples,9,6,5,158,154,200,Sequential
Purples,9,6,6,128,125,186,Sequential
Purples,9,6,7,106,81,163,Sequential
Purples,9,6,8,84,39,143,Sequential
Purples,9,6,9,63,0,125,Sequential
RdBu,3,2,1,239,138,98,Diverging
RdBu,3,2,2,247,247,247,Diverging
RdBu,3,2,3,103,169,207,Diverging
RdBu,4,2.5,1,202,0,32,Diverging
RdBu,4,2.5,2,244,165,130,Diverging
RdBu,4,2.5,3,146,197,222,Diverging
RdBu,4,2.5,4,5,113,176,Diverging
RdBu,5,3,1,202,0,32,Diverging
RdBu,5,3,2,244,165,130,Diverging
RdBu,5,3,3,247,247,247,Diverging
RdBu,5,3,4,146,197,222,Diverging
RdBu,5,3,5,5,113,176,Diverging
RdBu,6,3.5,1,178,24,43,Diverging
RdBu,6,3.5,2,239,138,98,Diverging
RdBu,6,3.5,3,253,219,199,Diverging
RdBu,6,3.5,4,209,229,240,Diverging
RdBu,6,3.5,5,103,169,207,Diverging
RdBu,6,3.5,6,33,102,172,Diverging
RdBu,7,4,1,178,24,43,Diverging
RdBu,7,4,2,239,138,98,Diverging
RdBu,7,4,3,253,219,199,Diverging
RdBu,7,4,4,247,247,247,Diverging
RdBu,7,4,5,209,229,240,Diverging
RdBu,7,4,6,103,169,207,Diverging
RdBu,7,4,7,33,102,172,Diverging
RdBu,8,4.5,1,178,24,43,Diverging
RdBu,8,4.5,2,214,96,77,Diverging
RdBu,8,4.5,3,244,165,130,Diverging
RdBu,8,4.5,4,253,219,199,Diverging
RdBu,8,4.5,5,209,229,240,Diverging
RdBu,8,4.5,6,146,197,222,Diverging
RdBu,8,4.5,7,67,147,195,Diverging
RdBu,8,4.5,8,33,102,172,Diverging
RdBu,9,5,1,178,24,43,Diverging
RdBu,9,5,2,214,96,77,Diverging
RdBu,9,5,3,244,165,130,Diverging
RdBu,9,5,4,253,219,199,Diverging
RdBu,9,5,5,247,247,247,Diverging
RdBu,9,5,6,209,229,240,Diverging
RdBu,9,5,7,146,197,222,Diverging
RdBu,9,5,8,67,147,195,Diverging
RdBu,9,5,9,33,102,172,Diverging
RdBu,10,5.5,1,103,0,31,Diverging
RdBu,10,5.5,2,178,24,43,Diverging
RdBu,10,5.5,3,214,96,77,Diverging
RdBu,10,5.5,4,244,165,130,Diverging
RdBu,10,5.5,5,253,219,199,Diverging
RdBu,10,5.5,6,209,229,240,Diverging
RdBu,10,5.5,7,146,197,222,Diverging
RdBu,10,5.5,8,67,147,195,Diverging
RdBu,10,5.5,9,33,102,172,Diverging
RdBu,10,5.5,10,5,48,97,Diverging
RdBu,11,6,1,103,0,31,Diverging
RdBu,11,6,2,178,24,43,Diverging
RdBu,11,6,3,214,96,77,Diverging
RdBu,11,6,4,244,165,130,Diverging
RdBu,11,6,5,253,219,199,Diverging
RdBu,11,6,6,247,247,247,Diverging
RdBu,11,6,7,209,229,240,Diverging
RdBu,11,6,8,146,197,222,Diverging
RdBu,11,6,9,67,147,195,Diverging
RdBu,11,6,10,33,102,172,Diverging
RdBu,11,6,11,5,48,97,Diverging
RdGy,3,2,1,239,138,98,Diverging
RdGy,3,2,2,255,255,255,Diverging
RdGy,3,2,3,153,153,153,Diverging
RdGy,4,2.5,1,202,0,32,Diverging
RdGy,4,2.5,2,244,165,130,Diverging
RdGy,4,2.5,3,186,186,186,Diverging
RdGy,4,2.5,4,64,64,64,Diverging
RdGy,5,3,1,202,0,32,Diverging
RdGy,5,3,2,244,165,130,Diverging
RdGy,5,3,3,255,255,255,Diverging
RdGy,5,3,4,186,186,186,Diverging
RdGy,5,3,5,64,64,64,Diverging
RdGy,6,3.5,1,178,24,43,Diverging
RdGy,6,3.5,2,239,138,98,Diverging
RdGy,6,3.5,3,253,219,199,Diverging
RdGy,6,3.5,4,224,224,224,Diverging
RdGy,6,3.5,5,153,153,153,Diverging
RdGy,6,3.5,6,77,77,77,Diverging
RdGy,7,4,1,178,24,43,Diverging
RdGy,7,4,2,239,138,98,Diverging
RdGy,7,4,3,253,219,199,Diverging
RdGy,7,4,4,255,255,255,Diverging
RdGy,7,4,5,224,224,224,Diverging
RdGy,7,4,6,153,153,153,Diverging
RdGy,7,4,7,77,77,77,Diverging
RdGy,8,4.5,1,178,24,43,Diverging
RdGy,8,4.5,2,214,96,77,Diverging
RdGy,8,4.5,3,244,165,130,Diverging
RdGy,8,4.5,4,253,219,199,Diverging
RdGy,8,4.5,5,224,224,224,Diverging
RdGy,8,4.5,6,186,186,186,Diverging
RdGy,8,4.5,7,135,135,135,Diverging
RdGy,8,4.5,8,77,77,77,Diverging
RdGy,9,5,1,178,24,43,Diverging
RdGy,9,5,2,214,96,77,Diverging
RdGy,9,5,3,244,165,130,Diverging
RdGy,9,5,4,253,219,199,Diverging
RdGy,9,5,5,255,255,255,Diverging
RdGy,9,5,6,224,224,224,Diverging
RdGy,9,5,7,186,186,186,Diverging
RdGy,9,5,8,135,135,135,Diverging
RdGy,9,5,9,77,77,77,Diverging
RdGy,10,5.5,1,103,0,31,Diverging
RdGy,10,5.5,2,178,24,43,Diverging
RdGy,10,5.5,3,214,96,77,Diverging
RdGy,10,5.5,4,244,165,130,Diverging
RdGy,10,5.5,5,253,219,199,Diverging
RdGy,10,5.5,6,224,224,224,Diverging
RdGy,10,5.5,7,186,186,186,Diverging
RdGy,10,5.5,8,135,135,135,Diverging
RdGy,10,5.5,9,77,77,77,Diverging
RdGy,10,5.5,10,26,26,26,Diverging
RdGy,11,6,1,103,0,31,Diverging
RdGy,11,6,2,178,24,43,Diverging
RdGy,11,6,3,214,96,77,Diverging
RdGy,11,6,4,244,165,130,Diverging
RdGy,11,6,5,253,219,199,Diverging
RdGy,11,6,6,255,255,255,Diverging
RdGy,11,6,7,224,224,224,Diverging
RdGy,11,6,8,186,186,186,Diverging
RdGy,11,6,9,135,135,135,Diverging
RdGy,11,6,10,77,77,77,Diverging
RdGy,11,6,11,26,26,26,Diverging
RdPu,3,6,1,253,224,221,Sequential
RdPu,3,6,2,250,159,181,Sequential
RdPu,3,6,3,197,27,138,Sequential
RdPu,4,6,1,254,235,226,Sequential
RdPu,4,6,2,251,180,185,Sequential
RdPu,4,6,3,247,104,161,Sequential
RdPu,4,6,4,174,1,126,Sequential
RdPu,5,6,1,254,235,226,Sequential
RdPu,5,6,2,251,180,185,Sequential
RdPu,5,6,3,247,104,161,Sequential
RdPu,5,6,4,197,27,138,Sequential
RdPu,5,6,5,122,1,119,Sequential
RdPu,6,6,1,254,235,226,Sequential
RdPu,6,6,2,252,197,192,Sequential
RdPu,6,6,3,250,159,181,Sequential
RdPu,6,6,4,247,104,161,Sequential
RdPu,6,6,5,197,27,138,Sequential
RdPu,6,6,6,122,1,119,Sequential
RdPu,7,6,1,254,235,226,Sequential
RdPu,7,6,2,252,197,192,Sequential
RdPu,7,6,3,250,159,181,Sequential
RdPu,7,6,4,247,104,161,Sequential
RdPu,7,6,5,221,52,151,Sequential
RdPu,7,6,6,174,1,126,Sequential
RdPu,7,6,7,122,1,119,Sequential
RdPu,8,6,1,255,247,243,Sequential
RdPu,8,6,2,253,224,221,Sequential
RdPu,8,6,3,252,197,192,Sequential
RdPu,8,6,4,250,159,181,Sequential
RdPu,8,6,5,247,104,161,Sequential
RdPu,8,6,6,221,52,151,Sequential
RdPu,8,6,7,174,1,126,Sequential
RdPu,8,6,8,122,1,119,Sequential
RdPu,9,6,1,255,247,243,Sequential
RdPu,9,6,2,253,224,221,Sequential
RdPu,9,6,3,252,197,192,Sequential
RdPu,9,6,4,250,159,181,Sequential
RdPu,9,6,5,247,104,161,Sequential
RdPu,9,6,6,221,52,151,Sequential
RdPu,9,6,7,174,1,126,Sequential
RdPu,9,6,8,122,1,119,Sequential
RdPu,9,6,9,73,0,106,Sequential
Reds,3,6,1,254,224,210,Sequential
Reds,3,6,2,252,146,114,Sequential
Reds,3,6,3,222,45,38,Sequential
Reds,4,6,1,254,229,217,Sequential
Reds,4,6,2,252,174,145,Sequential
Reds,4,6,3,251,106,74,Sequential
Reds,4,6,4,203,24,29,Sequential
Reds,5,6,1,254,229,217,Sequential
Reds,5,6,2,252,174,145,Sequential
Reds,5,6,3,251,106,74,Sequential
Reds,5,6,4,222,45,38,Sequential
Reds,5,6,5,165,15,21,Sequential
Reds,6,6,1,254,229,217,Sequential
Reds,6,6,2,252,187,161,Sequential
Reds,6,6,3,252,146,114,Sequential
Reds,6,6,4,251,106,74,Sequential
Reds,6,6,5,222,45,38,Sequential
Reds,6,6,6,165,15,21,Sequential
Reds,7,6,1,254,229,217,Sequential
Reds,7,6,2,252,187,161,Sequential
Reds,7,6,3,252,146,114,Sequential
Reds,7,6,4,251,106,74,Sequential
Reds,7,6,5,239,59,44,Sequential
Reds,7,6,6,203,24,29,Sequential
Reds,7,6,7,153,0,13,Sequential
Reds,8,6,1,255,245,240,Sequential
Reds,8,6,2,254,224,210,Sequential
Reds,8,6,3,252,187,161,Sequential
Reds,8,6,4,252,146,114,Sequential
Reds,8,6,5,251,106,74,Sequential
Reds,8,6,6,239,59,44,Sequential
Reds,8,6,7,203,24,29,Sequential
Reds,8,6,8,153,0,13,Sequential
Reds,9,6,1,255,245,240,Sequential
Reds,9,6,2,254,224,210,Sequential
Reds,9,6,3,252,187,161,Sequential
Reds,9,6,4,252,146,114,Sequential
Reds,9,6,5,251,106,74,Sequential
Reds,9,6,6,239,59,44,Sequential
Reds,9,6,7,203,24,29,Sequential
Reds,9,6,8,165,15,21,Sequential
Reds,9,6,9,103,0,13,Sequential
RdYlBu,3,2,1,252,141,89,Diverging
RdYlBu,3,2,2,255,255,191,Diverging
RdYlBu,3,2,3,145,191,219,Diverging
RdYlBu,4,2.5,1,215,25,28,Diverging
RdYlBu,4,2.5,2,253,174,97,Diverging
RdYlBu,4,2.5,3,171,217,233,Diverging
RdYlBu,4,2.5,4,44,123,182,Diverging
RdYlBu,5,3,1,215,25,28,Diverging
RdYlBu,5,3,2,253,174,97,Diverging
RdYlBu,5,3,3,255,255,191,Diverging
RdYlBu,5,3,4,171,217,233,Diverging
RdYlBu,5,3,5,44,123,182,Diverging
RdYlBu,6,3.5,1,215,48,39,Diverging
RdYlBu,6,3.5,2,252,141,89,Diverging
RdYlBu,6,3.5,3,254,224,144,Diverging
RdYlBu,6,3.5,4,224,243,248,Diverging
RdYlBu,6,3.5,5,145,191,219,Diverging
RdYlBu,6,3.5,6,69,117,180,Diverging
RdYlBu,7,4,1,215,48,39,Diverging
RdYlBu,7,4,2,252,141,89,Diverging
RdYlBu,7,4,3,254,224,144,Diverging
RdYlBu,7,4,4,255,255,191,Diverging
RdYlBu,7,4,5,224,243,248,Diverging
RdYlBu,7,4,6,145,191,219,Diverging
RdYlBu,7,4,7,69,117,180,Diverging
RdYlBu,8,4.5,1,215,48,39,Diverging
RdYlBu,8,4.5,2,244,109,67,Diverging
RdYlBu,8,4.5,3,253,174,97,Diverging
RdYlBu,8,4.5,4,254,224,144,Diverging
RdYlBu,8,4.5,5,224,243,248,Diverging
RdYlBu,8,4.5,6,171,217,233,Diverging
RdYlBu,8,4.5,7,116,173,209,Diverging
RdYlBu,8,4.5,8,69,117,180,Diverging
RdYlBu,9,5,1,215,48,39,Diverging
RdYlBu,9,5,2,244,109,67,Diverging
RdYlBu,9,5,3,253,174,97,Diverging
RdYlBu,9,5,4,254,224,144,Diverging
RdYlBu,9,5,5,255,255,191,Diverging
RdYlBu,9,5,6,224,243,248,Diverging
RdYlBu,9,5,7,171,217,233,Diverging
RdYlBu,9,5,8,116,173,209,Diverging
RdYlBu,9,5,9,69,117,180,Diverging
RdYlBu,10,5.5,1,165,0,38,Diverging
RdYlBu,10,5.5,2,215,48,39,Diverging
RdYlBu,10,5.5,3,244,109,67,Diverging
RdYlBu,10,5.5,4,253,174,97,Diverging
RdYlBu,10,5.5,5,254,224,144,Diverging
RdYlBu,10,5.5,6,224,243,248,Diverging
RdYlBu,10,5.5,7,171,217,233,Diverging
RdYlBu,10,5.5,8,116,173,209,Diverging
RdYlBu,10,5.5,9,69,117,180,Diverging
RdYlBu,10,5.5,10,49,54,149,Diverging
RdYlBu,11,6,1,165,0,38,Diverging
RdYlBu,11,6,2,215,48,39,Diverging
RdYlBu,11,6,3,244,109,67,Diverging
RdYlBu,11,6,4,253,174,97,Diverging
RdYlBu,11,6,5,254,224,144,Diverging
RdYlBu,11,6,6,255,255,191,Diverging
RdYlBu,11,6,7,224,243,248,Diverging
RdYlBu,11,6,8,171,217,233,Diverging
RdYlBu,11,6,9,116,173,209,Diverging
RdYlBu,11,6,10,69,117,180,Diverging
RdYlBu,11,6,11,49,54,149,Diverging
RdYlGn,3,2,1,252,141,89,Diverging
RdYlGn,3,2,2,255,255,191,Diverging
RdYlGn,3,2,3,145,207,96,Diverging
RdYlGn,4,2.5,1,215,25,28,Diverging
RdYlGn,4,2.5,2,253,174,97,Diverging
RdYlGn,4,2.5,3,166,217,106,Diverging
RdYlGn,4,2.5,4,26,150,65,Diverging
RdYlGn,5,3,1,215,25,28,Diverging
RdYlGn,5,3,2,253,174,97,Diverging
RdYlGn,5,3,3,255,255,191,Diverging
RdYlGn,5,3,4,166,217,106,Diverging
RdYlGn,5,3,5,26,150,65,Diverging
RdYlGn,6,3.5,1,215,48,39,Diverging
RdYlGn,6,3.5,2,252,141,89,Diverging
RdYlGn,6,3.5,3,254,224,139,Diverging
RdYlGn,6,3.5,4,217,239,139,Diverging
RdYlGn,6,3.5,5,145,207,96,Diverging
RdYlGn,6,3.5,6,26,152,80,Diverging
RdYlGn,7,4,1,215,48,39,Diverging
RdYlGn,7,4,2,252,141,89,Diverging
RdYlGn,7,4,3,254,224,139,Diverging
RdYlGn,7,4,4,255,255,191,Diverging
RdYlGn,7,4,5,217,239,139,Diverging
RdYlGn,7,4,6,145,207,96,Diverging
RdYlGn,7,4,7,26,152,80,Diverging
RdYlGn,8,4.5,1,215,48,39,Diverging
RdYlGn,8,4.5,2,244,109,67,Diverging
RdYlGn,8,4.5,3,253,174,97,Diverging
RdYlGn,8,4.5,4,254,224,139,Diverging
RdYlGn,8,4.5,5,217,239,139,Diverging
RdYlGn,8,4.5,6,166,217,106,Diverging
RdYlGn,8,4.5,7,102,189,99,Diverging
RdYlGn,8,4.5,8,26,152,80,Diverging
RdYlGn,9,5,1,215,48,39,Diverging
RdYlGn,9,5,2,244,109,67,Diverging
RdYlGn,9,5,3,253,174,97,Diverging
RdYlGn,9,5,4,254,224,139,Diverging
RdYlGn,9,5,5,255,255,191,Diverging
RdYlGn,9,5,6,217,239,139,Diverging
RdYlGn,9,5,7,166,217,106,Diverging
RdYlGn,9,5,8,102,189,99,Diverging
RdYlGn,9,5,9,26,152,80,Diverging
RdYlGn,10,5.5,1,165,0,38,Diverging
RdYlGn,10,5.5,2,215,48,39,Diverging
RdYlGn,10,5.5,3,244,109,67,Diverging
RdYlGn,10,5.5,4,253,174,97,Diverging
RdYlGn,10,5.5,5,254,224,139,Diverging
RdYlGn,10,5.5,6,217,239,139,Diverging
RdYlGn,10,5.5,7,166,217,106,Diverging
RdYlGn,10,5.5,8,102,189,99,Diverging
RdYlGn,10,5.5,9,26,152,80,Diverging
RdYlGn,10,5.5,10,0,104,55,Diverging
RdYlGn,11,6,1,165,0,38,Diverging
RdYlGn,11,6,2,215,48,39,Diverging
RdYlGn,11,6,3,244,109,67,Diverging
RdYlGn,11,6,4,253,174,97,Diverging
RdYlGn,11,6,5,254,224,139,Diverging
RdYlGn,11,6,6,255,255,191,Diverging
RdYlGn,11,6,7,217,239,139,Diverging
RdYlGn,11,6,8,166,217,106,Diverging
RdYlGn,11,6,9,102,189,99,Diverging
RdYlGn,11,6,10,26,152,80,Diverging
RdYlGn,11,6,11,0,104,55,Diverging
Set1,3,6,1,228,26,28,Qualitative
Set1,3,6,2,55,126,184,Qualitative
Set1,3,6,3,77,175,74,Qualitative
Set1,4,6,1,228,26,28,Qualitative
Set1,4,6,2,55,126,184,Qualitative
Set1,4,6,3,77,175,74,Qualitative
Set1,4,6,4,152,78,163,Qualitative
Set1,5,6,1,228,26,28,Qualitative
Set1,5,6,2,55,126,184,Qualitative
Set1,5,6,3,77,175,74,Qualitative
Set1,5,6,4,152,78,163,Qualitative
Set1,5,6,5,255,127,0,Qualitative
Set1,6,6,1,228,26,28,Qualitative
Set1,6,6,2,55,126,184,Qualitative
Set1,6,6,3,77,175,74,Qualitative
Set1,6,6,4,152,78,163,Qualitative
Set1,6,6,5,255,127,0,Qualitative
Set1,6,6,6,255,255,51,Qualitative
Set1,7,6,1,228,26,28,Qualitative
Set1,7,6,2,55,126,184,Qualitative
Set1,7,6,3,77,175,74,Qualitative
Set1,7,6,4,152,78,163,Qualitative
Set1,7,6,5,255,127,0,Qualitative
Set1,7,6,6,255,255,51,Qualitative
Set1,7,6,7,166,86,40,Qualitative
Set1,8,6,1,228,26,28,Qualitative
Set1,8,6,2,55,126,184,Qualitative
Set1,8,6,3,77,175,74,Qualitative
Set1,8,6,4,152,78,163,Qualitative
Set1,8,6,5,255,127,0,Qualitative
Set1,8,6,6,255,255,51,Qualitative
Set1,8,6,7,166,86,40,Qualitative
Set1,8,6,8,247,129,191,Qualitative
Set1,9,6,1,228,26,28,Qualitative
Set1,9,6,2,55,126,184,Qualitative
Set1,9,6,3,77,175,74,Qualitative
Set1,9,6,4,152,78,163,Qualitative
Set1,9,6,5,255,127,0,Qualitative
Set1,9,6,6,255,255,51,Qualitative
Set1,9,6,7,166,86,40,Qualitative
Set1,9,6,8,247,129,191,Qualitative
Set1,9,6,9,153,153,153,Qualitative
Set2,3,6,1,102,194,165,Qualitative
Set2,3,6,2,252,141,98,Qualitative
Set2,3,6,3,141,160,203,Qualitative
Set2,4,6,1,102,194,165,Qualitative
Set2,4,6,2,252,141,98,Qualitative
Set2,4,6,3,141,160,203,Qualitative
Set2,4,6,4,231,138,195,Qualitative
Set2,5,6,1,102,194,165,Qualitative
Set2,5,6,2,252,141,98,Qualitative
Set2,5,6,3,141,160,203,Qualitative
Set2,5,6,4,231,138,195,Qualitative
Set2,5,6,5,166,216,84,Qualitative
Set2,6,6,1,102,194,165,Qualitative
Set2,6,6,2,252,141,98,Qualitative
Set2,6,6,3,141,160,203,Qualitative
Set2,6,6,4,231,138,195,Qualitative
Set2,6,6,5,166,216,84,Qualitative
Set2,6,6,6,255,217,47,Qualitative
Set2,7,6,1,102,194,165,Qualitative
Set2,7,6,2,252,141,98,Qualitative
Set2,7,6,3,141,160,203,Qualitative
Set2,7,6,4,231,138,195,Qualitative
Set2,7,6,5,166,216,84,Qualitative
Set2,7,6,6,255,217,47,Qualitative
Set2,7,6,7,229,196,148,Qualitative
Set2,8,6,1,102,194,165,Qualitative
Set2,8,6,2,252,141,98,Qualitative
Set2,8,6,3,141,160,203,Qualitative
Set2,8,6,4,231,138,195,Qualitative
Set2,8,6,5,166,216,84,Qualitative
Set2,8,6,6,255,217,47,Qualitative
Set2,8,6,7,229,196,148,Qualitative
Set2,8,6,8,179,179,179,Qualitative
Set3,3,6,1,141,211,199,Qualitative
Set3,3,6,2,255,255,179,Qualitative
Set3,3,6,3,190,186,218,Qualitative
Set3,4,6,1,141,211,199,Qualitative
Set3,4,6,2,255,255,179,Qualitative
Set3,4,6,3,190,186,218,Qualitative
Set3,4,6,4,251,128,114,Qualitative
Set3,5,6,1,141,211,199,Qualitative
Set3,5,6,2,255,255,179,Qualitative
Set3,5,6,3,190,186,218,Qualitative
Set3,5,6,4,251,128,114,Qualitative
Set3,5,6,5,128,177,211,Qualitative
Set3,6,6,1,141,211,199,Qualitative
Set3,6,6,2,255,255,179,Qualitative
Set3,6,6,3,190,186,218,Qualitative
Set3,6,6,4,251,128,114,Qualitative
Set3,6,6,5,128,177,211,Qualitative
Set3,6,6,6,253,180,98,Qualitative
Set3,7,6,1,141,211,199,Qualitative
Set3,7,6,2,255,255,179,Qualitative
Set3,7,6,3,190,186,218,Qualitative
Set3,7,6,4,251,128,114,Qualitative
Set3,7,6,5,128,177,211,Qualitative
Set3,7,6,6,253,180,98,Qualitative
Set3,7,6,7,179,222,105,Qualitative
Set3,8,6,1,141,211,199,Qualitative
Set3,8,6,2,255,255,179,Qualitative
Set3,8,6,3,190,186,218,Qualitative
Set3,8,6,4,251,128,114,Qualitative
Set3,8,6,5,128,177,211,Qualitative
Set3,8,6,6,253,180,98,Qualitative
Set3,8,6,7,179,222,105,Qualitative
Set3,8,6,8,252,205,229,Qualitative
Set3,9,6,1,141,211,199,Qualitative
Set3,9,6,2,255,255,179,Qualitative
Set3,9,6,3,190,186,218,Qualitative
Set3,9,6,4,251,128,114,Qualitative
Set3,9,6,5,128,177,211,Qualitative
Set3,9,6,6,253,180,98,Qualitative
Set3,9,6,7,179,222,105,Qualitative
Set3,9,6,8,252,205,229,Qualitative
Set3,9,6,9,217,217,217,Qualitative
Set3,10,6,1,141,211,199,Qualitative
Set3,10,6,2,255,255,179,Qualitative
Set3,10,6,3,190,186,218,Qualitative
Set3,10,6,4,251,128,114,Qualitative
Set3,10,6,5,128,177,211,Qualitative
Set3,10,6,6,253,180,98,Qualitative
Set3,10,6,7,179,222,105,Qualitative
Set3,10,6,8,252,205,229,Qualitative
Set3,10,6,9,217,217,217,Qualitative
Set3,10,6,10,188,128,189,Qualitative
Set3,11,6,1,141,211,199,Qualitative
Set3,11,6,2,255,255,179,Qualitative
Set3,11,6,3,190,186,218,Qualitative
Set3,11,6,4,251,128,114,Qualitative
Set3,11,6,5,128,177,211,Qualitative
Set3,11,6,6,253,180,98,Qualitative
Set3,11,6,7,179,222,105,Qualitative
Set3,11,6,8,252,205,229,Qualitative
Set3,11,6,9,217,217,217,Qualitative
Set3,11,6,10,188,128,189,Qualitative
Set3,11,6,11,204,235,197,Qualitative
Set3,12,6,1,141,211,199,Qualitative
Set3,12,6,2,255,255,179,Qualitative
Set3,12,6,3,190,186,218,Qualitative
Set3,12,6,4,251,128,114,Qualitative
Set3,12,6,5,128,177,211,Qualitative
Set3,12,6,6,253,180,98,Qualitative
Set3,12,6,7,179,222,105,Qualitative
Set3,12,6,8,252,205,229,Qualitative
Set3,12,6,9,217,217,217,Qualitative
Set3,12,6,10,188,128,189,Qualitative
Set3,12,6,11,204,235,197,Qualitative
Set3,12,6,12,255,237,111,Qualitative
Spectral,3,2,1,252,141,89,Diverging
Spectral,3,2,2,255,255,191,Diverging
Spectral,3,2,3,153,213,148,Diverging
Spectral,4,2.5,1,215,25,28,Diverging
Spectral,4,2.5,2,253,174,97,Diverging
Spectral,4,2.5,3,171,221,164,Diverging
Spectral,4,2.5,4,43,131,186,Diverging
Spectral,5,3,1,215,25,28,Diverging
Spectral,5,3,2,253,174,97,Diverging
Spectral,5,3,3,255,255,191,Diverging
Spectral,5,3,4,171,221,164,Diverging
Spectral,5,3,5,43,131,186,Diverging
Spectral,6,3.5,1,213,62,79,Diverging
Spectral,6,3.5,2,252,141,89,Diverging
Spectral,6,3.5,3,254,224,139,Diverging
Spectral,6,3.5,4,230,245,152,Diverging
Spectral,6,3.5,5,153,213,148,Diverging
Spectral,6,3.5,6,50,136,189,Diverging
Spectral,7,4,1,213,62,79,Diverging
Spectral,7,4,2,252,141,89,Diverging
Spectral,7,4,3,254,224,139,Diverging
Spectral,7,4,4,255,255,191,Diverging
Spectral,7,4,5,230,245,152,Diverging
Spectral,7,4,6,153,213,148,Diverging
Spectral,7,4,7,50,136,189,Diverging
Spectral,8,4.5,1,213,62,79,Diverging
Spectral,8,4.5,2,244,109,67,Diverging
Spectral,8,4.5,3,253,174,97,Diverging
Spectral,8,4.5,4,254,224,139,Diverging
Spectral,8,4.5,5,230,245,152,Diverging
Spectral,8,4.5,6,171,221,164,Diverging
Spectral,8,4.5,7,102,194,165,Diverging
Spectral,8,4.5,8,50,136,189,Diverging
Spectral,9,5,1,213,62,79,Diverging
Spectral,9,5,2,244,109,67,Diverging
Spectral,9,5,3,253,174,97,Diverging
Spectral,9,5,4,254,224,139,Diverging
Spectral,9,5,5,255,255,191,Diverging
Spectral,9,5,6,230,245,152,Diverging
Spectral,9,5,7,171,221,164,Diverging
Spectral,9,5,8,102,194,165,Diverging
Spectral,9,5,9,50,136,189,Diverging
Spectral,10,5.5,1,158,1,66,Diverging
Spectral,10,5.5,2,213,62,79,Diverging
Spectral,10,5.5,3,244,109,67,Diverging
Spectral,10,5.5,4,253,174,97,Diverging
Spectral,10,5.5,5,254,224,139,Diverging
Spectral,10,5.5,6,230,245,152,Diverging
Spectral,10,5.5,7,171,221,164,Diverging
Spectral,10,5.5,8,102,194,165,Diverging
Spectral,10,5.5,9,50,136,189,Diverging
Spectral,10,5.5,10,94,79,162,Diverging
Spectral,11,6,1,158,1,66,Diverging
Spectral,11,6,2,213,62,79,Diverging
Spectral,11,6,3,244,109,67,Diverging
Spectral,11,6,4,253,174,97,Diverging
Spectral,11,6,5,254,224,139,Diverging
Spectral,11,6,6,255,255,191,Diverging
Spectral,11,6,7,230,245,152,Diverging
Spectral,11,6,8,171,221,164,Diverging
Spectral,11,6,9,102,194,165,Diverging
Spectral,11,6,10,50,136,189,Diverging
Spectral,11,6,11,94,79,162,Diverging
YlGn,3,6,1,247,252,185,Sequential
YlGn,3,6,2,173,221,142,Sequential
YlGn,3,6,3,49,163,84,Sequential
YlGn,4,6,1,255,255,204,Sequential
YlGn,4,6,2,194,230,153,Sequential
YlGn,4,6,3,120,198,121,Sequential
YlGn,4,6,4,35,132,67,Sequential
YlGn,5,6,1,255,255,204,Sequential
YlGn,5,6,2,194,230,153,Sequential
YlGn,5,6,3,120,198,121,Sequential
YlGn,5,6,4,49,163,84,Sequential
YlGn,5,6,5,0,104,55,Sequential
YlGn,6,6,1,255,255,204,Sequential
YlGn,6,6,2,217,240,163,Sequential
YlGn,6,6,3,173,221,142,Sequential
YlGn,6,6,4,120,198,121,Sequential
YlGn,6,6,5,49,163,84,Sequential
YlGn,6,6,6,0,104,55,Sequential
YlGn,7,6,1,255,255,204,Sequential
YlGn,7,6,2,217,240,163,Sequential
YlGn,7,6,3,173,221,142,Sequential
YlGn,7,6,4,120,198,121,Sequential
YlGn,7,6,5,65,171,93,Sequential
YlGn,7,6,6,35,132,67,Sequential
YlGn,7,6,7,0,90,50,Sequential
YlGn,8,6,1,255,255,229,Sequential
YlGn,8,6,2,247,252,185,Sequential
YlGn,8,6,3,217,240,163,Sequential
YlGn,8,6,4,173,221,142,Sequential
YlGn,8,6,5,120,198,121,Sequential
YlGn,8,6,6,65,171,93,Sequential
YlGn,8,6,7,35,132,67,Sequential
YlGn,8,6,8,0,90,50,Sequential
YlGn,9,6,1,255,255,229,Sequential
YlGn,9,6,2,247,252,185,Sequential
YlGn,9,6,3,217,240,163,Sequential
YlGn,9,6,4,173,221,142,Sequential
YlGn,9,6,5,120,198,121,Sequential
YlGn,9,6,6,65,171,93,Sequential
YlGn,9,6,7,35,132,67,Sequential
YlGn,9,6,8,0,104,55,Sequential
YlGn,9,6,9,0,69,41,Sequential
YlGnBu,3,6,1,237,248,177,Sequential
YlGnBu,3,6,2,127,205,187,Sequential
YlGnBu,3,6,3,44,127,184,Sequential
YlGnBu,4,6,1,255,255,204,Sequential
YlGnBu,4,6,2,161,218,180,Sequential
YlGnBu,4,6,3,65,182,196,Sequential
YlGnBu,4,6,4,34,94,168,Sequential
YlGnBu,5,6,1,255,255,204,Sequential
YlGnBu,5,6,2,161,218,180,Sequential
YlGnBu,5,6,3,65,182,196,Sequential
YlGnBu,5,6,4,44,127,184,Sequential
YlGnBu,5,6,5,37,52,148,Sequential
YlGnBu,6,6,1,255,255,204,Sequential
YlGnBu,6,6,2,199,233,180,Sequential
YlGnBu,6,6,3,127,205,187,Sequential
YlGnBu,6,6,4,65,182,196,Sequential
YlGnBu,6,6,5,44,127,184,Sequential
YlGnBu,6,6,6,37,52,148,Sequential
YlGnBu,7,6,1,255,255,204,Sequential
YlGnBu,7,6,2,199,233,180,Sequential
YlGnBu,7,6,3,127,205,187,Sequential
YlGnBu,7,6,4,65,182,196,Sequential
YlGnBu,7,6,5,29,145,192,Sequential
YlGnBu,7,6,6,34,94,168,Sequential
YlGnBu,7,6,7,12,44,132,Sequential
YlGnBu,8,6,1,255,255,217,Sequential
YlGnBu,8,6,2,237,248,177,Sequential
YlGnBu,8,6,3,199,233,180,Sequential
YlGnBu,8,6,4,127,205,187,Sequential
YlGnBu,8,6,5,65,182,196,Sequential
YlGnBu,8,6,6,29,145,192,Sequential
YlGnBu,8,6,7,34,94,168,Sequential
YlGnBu,8,6,8,12,44,132,Sequential
YlGnBu,9,6,1,255,255,217,Sequential
YlGnBu,9,6,2,237,248,177,Sequential
YlGnBu,9,6,3,199,233,180,Sequential
YlGnBu,9,6,4,127,205,187,Sequential
YlGnBu,9,6,5,65,182,196,Sequential
YlGnBu,9,6,6,29,145,192,Sequential
YlGnBu,9,6,7,34,94,168,Sequential
YlGnBu,9,6,8,37,52,148,Sequential
YlGnBu,9,6,9,8,29,88,Sequential
YlOrBr,3,6,1,255,247,188,Sequential
YlOrBr,3,6,2,254,196,79,Sequential
YlOrBr,3,6,3,217,95,14,Sequential
YlOrBr,4,6,1,255,255,212,Sequential
YlOrBr,4,6,2,254,217,142,Sequential
YlOrBr,4,6,3,254,153,41,Sequential
YlOrBr,4,6,4,204,76,2,Sequential
YlOrBr,5,6,1,255,255,212,Sequential
YlOrBr,5,6,2,254,217,142,Sequential
YlOrBr,5,6,3,254,153,41,Sequential
YlOrBr,5,6,4,217,95,14,Sequential
YlOrBr,5,6,5,153,52,4,Sequential
YlOrBr,6,6,1,255,255,212,Sequential
YlOrBr,6,6,2,254,227,145,Sequential
YlOrBr,6,6,3,254,196,79,Sequential
YlOrBr,6,6,4,254,153,41,Sequential
YlOrBr,6,6,5,217,95,14,Sequential
YlOrBr,6,6,6,153,52,4,Sequential
YlOrBr,7,6,1,255,255,212,Sequential
YlOrBr,7,6,2,254,227,145,Sequential
YlOrBr,7,6,3,254,196,79,Sequential
YlOrBr,7,6,4,254,153,41,Sequential
YlOrBr,7,6,5,236,112,20,Sequential
YlOrBr,7,6,6,204,76,2,Sequential
YlOrBr,7,6,7,140,45,4,Sequential
YlOrBr,8,6,1,255,255,229,Sequential
YlOrBr,8,6,2,255,247,188,Sequential
YlOrBr,8,6,3,254,227,145,Sequential
YlOrBr,8,6,4,254,196,79,Sequential
YlOrBr,8,6,5,254,153,41,Sequential
YlOrBr,8,6,6,236,112,20,Sequential
YlOrBr,8,6,7,204,76,2,Sequential
YlOrBr,8,6,8,140,45,4,Sequential
YlOrBr,9,6,1,255,255,229,Sequential
YlOrBr,9,6,2,255,247,188,Sequential
YlOrBr,9,6,3,254,227,145,Sequential
YlOrBr,9,6,4,254,196,79,Sequential
YlOrBr,9,6,5,254,153,41,Sequential
YlOrBr,9,6,6,236,112,20,Sequential
YlOrBr,9,6,7,204,76,2,Sequential
YlOrBr,9,6,8,153,52,4,Sequential
YlOrBr,9,6,9,102,37,6,Sequential
YlOrRd,3,6,1,255,237,160,Sequential
YlOrRd,3,6,2,254,178,76,Sequential
YlOrRd,3,6,3,240,59,32,Sequential
YlOrRd,4,6,1,255,255,178,Sequential
YlOrRd,4,6,2,254,204,92,Sequential
YlOrRd,4,6,3,253,141,60,Sequential
YlOrRd,4,6,4,227,26,28,Sequential
YlOrRd,5,6,1,255,255,178,Sequential
YlOrRd,5,6,2,254,204,92,Sequential
YlOrRd,5,6,3,253,141,60,Sequential
YlOrRd,5,6,4,240,59,32,Sequential
YlOrRd,5,6,5,189,0,38,Sequential
YlOrRd,6,6,1,255,255,178,Sequential
YlOrRd,6,6,2,254,217,118,Sequential
YlOrRd,6,6,3,254,178,76,Sequential
YlOrRd,6,6,4,253,141,60,Sequential
YlOrRd,6,6,5,240,59,32,Sequential
YlOrRd,6,6,6,189,0,38,Sequential
YlOrRd,7,6,1,255,255,178,Sequential
YlOrRd,7,6,2,254,217,118,Sequential
YlOrRd,7,6,3,254,178,76,Sequential
YlOrRd,7,6,4,253,141,60,Sequential
YlOrRd,7,6,5,252,78,42,Sequential
YlOrRd,7,6,6,227,26,28,Sequential
YlOrRd,7,6,7,177,0,38,Sequential
YlOrRd,8,6,1,255,255,204,Sequential
YlOrRd,8,6,2,255,237,160,Sequential
YlOrRd,8,6,3,254,217,118,Sequential
YlOrRd,8,6,4,254,178,76,Sequential
YlOrRd,8,6,5,253,141,60,Sequential
YlOrRd,8,6,6,252,78,42,Sequential
YlOrRd,8,6,7,227,26,28,Sequential
YlOrRd,8,6,8,177,0,38,Sequential
YlOrRd,9,6,1,255,255,204,Sequential
YlOrRd,9,6,2,255,237,160,Sequential
YlOrRd,9,6,3,254,217,118,Sequential
YlOrRd,9,6,4,254,178,76,Sequential
YlOrRd,9,6,5,253,141,60,Sequential
YlOrRd,9,6,6,252,78,42,Sequential
YlOrRd,9,6,7,227,26,28,Sequential
YlOrRd,9,6,8,189,0,38,Sequential
YlOrRd,9,6,9,128,0,38,Sequential